<beans xmlns="http://www.springframework.org/schema/beans"
	xmlns:tx="http://www.springframework.org/schema/tx"
	xmlns:aop="http://www.springframework.org/schema/aop"
	xmlns:xsi="http://www.w3.org/2001/XMLSchema-instance"
 xsi:schemaLocation="http://www.springframework.org/schema/beans 
						http://www.springframework.org/schema/beans/spring-beans-3.0.xsd
						http://www.springframework.org/schema/tx 
						http://www.springframework.org/schema/tx/spring-tx-3.0.xsd
						http://www.springframework.org/schema/aop 
						http://www.springframework.org/schema/aop/spring-aop-3.0.xsd">
	<aop:aspectj-autoproxy />
	
	<bean id="transactionManager" class="org.springframework.jdbc.datasource.DataSourceTransactionManager">
		<property name="dataSource" ref="dataSource"/>
	</bean>
	
	<tx:advice id="txAdvice" transaction-manager="transactionManager">
		<tx:attributes>
			<tx:method name="get*" read-only="true" propagation="SUPPORTS" />
			<tx:method name="query*" read-only="true" propagation="SUPPORTS" />
			<tx:method name="load*" read-only="true" propagation="SUPPORTS" />
			<tx:method name="*" propagation="REQUIRED" />
		</tx:attributes>
	</tx:advice>
	
	<aop:config proxy-target-class="true">
		<aop:pointcut id="pointServiceMethod"
			expression="execution(public * com.chnmooc..*.service..*.*(..))" />
		<aop:advisor pointcut-ref="pointServiceMethod" advice-ref="txAdvice" />
	</aop:config>
	
	
</beans>
