<beans xmlns="http://www.springframework.org/schema/beans"
	xmlns:xsi="http://www.w3.org/2001/XMLSchema-instance" xmlns:p="http://www.springframework.org/schema/p"
	xmlns:mvc="http://www.springframework.org/schema/mvc"
	xsi:schemaLocation="http://www.springframework.org/schema/beans http://www.springframework.org/schema/beans/spring-beans-2.5.xsd
           http://www.springframework.org/schema/mvc http://www.springframework.org/schema/mvc/spring-mvc-3.0.xsd">
           
	<mvc:annotation-driven />
	
	<bean class="org.springframework.web.servlet.mvc.annotation.AnnotationMethodHandlerAdapter"></bean>
	<bean id="velocityConfigurer"
		class="org.springframework.web.servlet.view.velocity.VelocityConfigurer">
		<property name="resourceLoaderPath" value="/template/" />
		<property name="velocityProperties">
			<props>
				<prop key="directive.foreach.counter.name">loopCounter</prop>
				<prop key="directive.foreach.counter.initial.value">0</prop>
				<prop key="input.encoding">UTF-8</prop>
				<prop key="output.encoding">UTF-8</prop>
				<prop key="resource.loader">file</prop>
				<prop key="file.resource.loader.class">org.apache.velocity.runtime.resource.loader.FileResourceLoader</prop>
				<prop key="file.resource.loader.cache">true</prop>
			</props>
		</property>
	</bean>

	<bean id="velocityViewResolver"
		class="org.springframework.web.servlet.view.velocity.VelocityViewResolver">
		<property name="contentType" value="text/html;charset=UTF-8" />
			<property name="exposeRequestAttributes" value="true"/>
			<property name="exposeSessionAttributes" value="true" />
			<property name="exposeSpringMacroHelpers" value="true"/>
			<property name="requestContextAttribute" value="request" />
		<property name="prefix" value="" />
		<property name="suffix" value=".html" />
	</bean>

	<bean id="multipartResolver"
		class="org.springframework.web.multipart.commons.CommonsMultipartResolver"
		p:defaultEncoding="UTF-8" p:maxUploadSize="991073741824" />
	<bean class="org.springframework.web.client.RestTemplate"/>	
	
	
	<mvc:resources mapping="/favicon.ico" location="/favicon.ico" />
	<mvc:resources mapping="/scripts/**" location="/scripts/" />
	<mvc:resources mapping="/static/**" location="/static/" />
	<mvc:resources mapping="/js/**" location="/js/" />
	<mvc:resources mapping="/img/**" location="/img/" />
	<mvc:resources mapping="/css/**" location="/css/" />
	<mvc:resources mapping="/images/**" location="/images/" />
	<mvc:resources mapping="/temp/**" location="/temp/" />
	<mvc:resources mapping="/template/**" location="/template/" />

	
	<import resource="classpath:application-context.xml" />
</beans>
